<?xml version="1.0"?>
<!--<!DOCTYPE metadata SYSTEM "http://www.esri.com/metadata/esriprof80.dtd">-->
<metadata xml:lang="pt"><Esri><CreaDate>20090918</CreaDate><CreaTime>13335800</CreaTime><SyncOnce>TRUE</SyncOnce><MetaID>{189B46DB-B16C-4BB0-884D-B07A7CD19920}</MetaID></Esri><idinfo><citation><citeinfo><onlink Sync="TRUE">\\LABURB-NOTE3-PC\C$\BaciasUrbanas\Aguas\aguas_lenticas</onlink></citeinfo></citation></idinfo><distInfo><distributor><distorTran><onLineSrc><linkage Sync="TRUE">file://\\LABURB-NOTE3-PC\C$\BaciasUrbanas\Aguas\aguas_lenticas</linkage><protocol Sync="TRUE">Local Area Network</protocol></onLineSrc></distorTran></distributor></distInfo><dataqual><lineage><procstep><procdesc Sync="TRUE">Dataset copied.</procdesc><srcused Sync="TRUE">D:\Aguas\P9_2S_05\Amb_nat\aguas_lenticas</srcused><procdate Sync="TRUE">20090918</procdate><proctime Sync="TRUE">13335800</proctime></procstep></lineage></dataqual></metadata>
