<?xml version="1.0"?>
<!--<!DOCTYPE metadata SYSTEM "http://www.esri.com/metadata/esriprof80.dtd">-->
<metadata xml:lang="pt"><Esri><MetaID>{6A21B618-110D-498E-AEF8-02C81766EE3D}</MetaID><CreaDate>20080416</CreaDate><CreaTime>20002700</CreaTime><SyncOnce>TRUE</SyncOnce><DataProperties><lineage><Process Name="RasterToPolygon_16" ToolSource="C:\Arquivos de programas\ArcGIS\ArcToolbox\Toolboxes\Conversion Tools.tbx\RasterToPolygon" Date="20080416" Time="200027">RasterToPolygon "Bacias novas grid\bacias5000_2" C:\Marcus\Aguas\Bacias\Novas\Shape\BaciasSHP5000.shp SIMPLIFY VALUE</Process></lineage></DataProperties></Esri></metadata>
