<?xml version="1.0"?>
<!--<!DOCTYPE metadata SYSTEM "http://www.esri.com/metadata/esriprof80.dtd">-->
<metadata xml:lang="pt"><Esri><CreaDate>20090918</CreaDate><CreaTime>13335900</CreaTime><SyncOnce>TRUE</SyncOnce><MetaID>{F506663B-9CC3-4CBA-A6C0-B3EF7AA3E637}</MetaID></Esri><idinfo><citation><citeinfo><onlink Sync="TRUE">\\LABURB-NOTE3-PC\C$\BaciasUrbanas\Aguas\canais_line</onlink></citeinfo></citation></idinfo><distInfo><distributor><distorTran><onLineSrc><linkage Sync="TRUE">file://\\LABURB-NOTE3-PC\C$\BaciasUrbanas\Aguas\canais_line</linkage><protocol Sync="TRUE">Local Area Network</protocol></onLineSrc></distorTran></distributor></distInfo><dataqual><lineage><procstep><procdesc Sync="TRUE">Dataset copied.</procdesc><srcused Sync="TRUE">D:\Aguas\P9_2S_05\Amb_nat\canais_line</srcused><procdate Sync="TRUE">20090918</procdate><proctime Sync="TRUE">13335900</proctime></procstep></lineage></dataqual></metadata>
