<?xml version="1.0"?>
<!--<!DOCTYPE metadata SYSTEM "http://www.esri.com/metadata/esriprof80.dtd">-->
<metadata xml:lang="pt"><Esri><CreaDate>20090923</CreaDate><CreaTime>16364100</CreaTime><SyncOnce>TRUE</SyncOnce><MetaID>{107FF365-C3EB-4E2B-8C1E-44D50E0519E2}</MetaID></Esri><idinfo><citation><citeinfo><onlink Sync="TRUE">\\LABURB-NOTE3-PC\C$\BaciasUrbanas\Aguas\rios_area</onlink></citeinfo></citation></idinfo><distInfo><distributor><distorTran><onLineSrc><linkage Sync="TRUE">file://\\LABURB-NOTE3-PC\C$\BaciasUrbanas\Aguas\rios_area</linkage><protocol Sync="TRUE">Local Area Network</protocol></onLineSrc></distorTran></distributor></distInfo><dataqual><lineage><procstep><procdesc Sync="TRUE">Dataset copied.</procdesc><srcused Sync="TRUE">D:\Aguas\P9_2S_05\Amb_nat\rios_area</srcused><procdate Sync="TRUE">20090923</procdate><proctime Sync="TRUE">16364100</proctime></procstep></lineage></dataqual></metadata>
